KA,ÃûÒå¹¦ÂÊ(kW),Ð¡ÂÖ×ªËÙ(r/min),´øÐÍ,»ù×¼¿í¶ÈBd,Hamin,Hfmin,²Û¼ä¾àe,Fmin,¦Ämin,Öá¿×¾¶d
1.2,7,960,B,14 / 14,3.5 / 3.5,10.8 / 10.8,19 / 19,11.5 / 11.5,7.5 / 7.5,32 / 32,

Ð¡ÂÖ/´óÂÖÖ±¾¶, ´«¶¯±È, ´ø»ù×¼³¤¶È, ÖÐÐÄ¾Ø, Ð¡ÂÖ°ü½Ç(¡ã), ´øËÙ(m/s), ´øµÄ¸ùÊý,½¨Òé´øÂÖ½á¹¹,²ÛÂÖ½Ç¦Õ(¡ã),×îÐ¡´øÂÖ¿íB,ÂÖì±¿í¶ÈL,×îÐ¡Íâ¾¶da,ÂÖì±Ö±¾¶d1,ÂÖÔµÄÚ¾¶D1,¸¹°åºñ¶ÈC',Ô¤¹ÀÃ«Å÷ÖÊÁ¿(Kg)
125 / 355,2.84,1560,383.329,145.622,6.28319,5,¸¹°å / ÂÖ·ø,34 / 38,99 / 99,64 / 64,132 / 362,64 / 64,88.4 / 318.4,14~25 / 14~25,7.21 / 19.3
125 / 355,2.84,1560,385.422,145.809,6.28319,5,¸¹°å / ÂÖ·ø,34 / 38,99 / 99,64 / 64,132 / 362,64 / 64,88.4 / 318.4,14~25 / 14~25,7.21 / 19.3
125 / 355,2.84,1560,387.113,145.958,6.28319,5,¸¹°å / ÂÖ·ø,34 / 38,99 / 99,64 / 64,132 / 362,64 / 64,88.4 / 318.4,14~25 / 14~25,7.21 / 19.3
125 / 355,2.84,1760,488.508,153.024,6.28319,5,¸¹°å / ÂÖ·ø,34 / 38,99 / 99,64 / 64,132 / 362,64 / 64,88.4 / 318.4,14~25 / 14~25,7.21 / 19.3
125 / 355,2.84,1760,489.677,153.088,6.28319,5,¸¹°å / ÂÖ·ø,34 / 38,99 / 99,64 / 64,132 / 362,64 / 64,88.4 / 318.4,14~25 / 14~25,7.21 / 19.3
125 / 355,2.84,1760,490.672,153.143,6.28319,5,¸¹°å / ÂÖ·ø,34 / 38,99 / 99,64 / 64,132 / 362,64 / 64,88.4 / 318.4,14~25 / 14~25,7.21 / 19.3
125 / 355,2.84,1950,586.529,157.532,6.28319,5,¸¹°å / ÂÖ·ø,34 / 38,99 / 99,64 / 64,132 / 362,64 / 64,88.4 / 318.4,14~25 / 14~25,7.21 / 19.3
125 / 355,2.84,1950,587.274,157.561,6.28319,5,¸¹°å / ÂÖ·ø,34 / 38,99 / 99,64 / 64,132 / 362,64 / 64,88.4 / 318.4,14~25 / 14~25,7.21 / 19.3
125 / 355,2.84,2180,702.929,161.253,6.28319,5,¸¹°å / ÂÖ·ø,34 / 38,99 / 99,64 / 64,132 / 362,64 / 64,88.4 / 318.4,14~25 / 14~25,7.21 / 19.3
125 / 355,2.84,2180,703.508,161.268,6.28319,5,¸¹°å / ÂÖ·ø,34 / 38,99 / 99,64 / 64,132 / 362,64 / 64,88.4 / 318.4,14~25 / 14~25,7.21 / 19.3
125 / 355,2.84,2300,764.025,162.752,6.28319,5,¸¹°å / ÂÖ·ø,34 / 38,99 / 99,64 / 64,132 / 362,64 / 64,88.4 / 318.4,14~25 / 14~25,7.21 / 19.3
125 / 355,2.84,2300,764.488,162.762,6.28319,5,¸¹°å / ÂÖ·ø,34 / 38,99 / 99,64 / 64,132 / 362,64 / 64,88.4 / 318.4,14~25 / 14~25,7.21 / 19.3
125 / 355,2.84,2500,864.905,164.764,6.28319,4,¸¹°å / ÂÖ·ø,34 / 38,80 / 80,64 / 64,132 / 362,64 / 64,88.4 / 318.4,11~20 / 11~20,6.06 / 15.8
125 / 355,2.84,2500,865.284,164.77,6.28319,4,¸¹°å / ÂÖ·ø,34 / 38,80 / 80,64 / 64,132 / 362,64 / 64,88.4 / 318.4,11~20 / 11~20,6.06 / 15.8
125 / 355,2.84,2500,865.629,164.776,6.28319,4,¸¹°å / ÂÖ·ø,34 / 38,80 / 80,64 / 64,132 / 362,64 / 64,88.4 / 318.4,11~20 / 11~20,6.06 / 15.8
125 / 355,2.84,2700,965.944,166.357,6.28319,4,¸¹°å / ÂÖ·ø,34 / 38,80 / 80,64 / 64,132 / 362,64 / 64,88.4 / 318.4,11~20 / 11~20,6.06 / 15.8
132 / 400,3.0303,1560,338.06,134.578,6.63504,5,¸¹°å / ÂÖ·ø,34 / 38,99 / 99,64 / 64,139 / 407,64 / 64,95.4 / 363.4,14~25 / 14~25,7.62 / 21.7
132 / 400,3.0303,1760,440.398,145.133,6.63504,5,¸¹°å / ÂÖ·ø,34 / 38,99 / 99,64 / 64,139 / 407,64 / 64,95.4 / 363.4,14~25 / 14~25,7.62 / 21.7
132 / 400,3.0303,1760,442.323,145.285,6.63504,5,¸¹°å / ÂÖ·ø,34 / 38,99 / 99,64 / 64,139 / 407,64 / 64,95.4 / 363.4,14~25 / 14~25,7.62 / 21.7
132 / 400,3.0303,1950,538.935,151.508,6.63504,5,¸¹°å / ÂÖ·ø,34 / 38,99 / 99,64 / 64,139 / 407,64 / 64,95.4 / 363.4,14~25 / 14~25,7.62 / 21.7
132 / 400,3.0303,1950,540.305,151.58,6.63504,5,¸¹°å / ÂÖ·ø,34 / 38,99 / 99,64 / 64,139 / 407,64 / 64,95.4 / 363.4,14~25 / 14~25,7.62 / 21.7
132 / 400,3.0303,1950,541.483,151.642,6.63504,5,¸¹°å / ÂÖ·ø,34 / 38,99 / 99,64 / 64,139 / 407,64 / 64,95.4 / 363.4,14~25 / 14~25,7.62 / 21.7
132 / 400,3.0303,2180,657.508,156.646,6.63504,5,¸¹°å / ÂÖ·ø,34 / 38,99 / 99,64 / 64,139 / 407,64 / 64,95.4 / 363.4,14~25 / 14~25,7.62 / 21.7
132 / 400,3.0303,2180,658.407,156.678,6.63504,5,¸¹°å / ÂÖ·ø,34 / 38,99 / 99,64 / 64,139 / 407,64 / 64,95.4 / 363.4,14~25 / 14~25,7.62 / 21.7
132 / 400,3.0303,2300,719.202,158.65,6.63504,5,¸¹°å / ÂÖ·ø,34 / 38,99 / 99,64 / 64,139 / 407,64 / 64,95.4 / 363.4,14~25 / 14~25,7.62 / 21.7
132 / 400,3.0303,2300,719.91,158.671,6.63504,5,¸¹°å / ÂÖ·ø,34 / 38,99 / 99,64 / 64,139 / 407,64 / 64,95.4 / 363.4,14~25 / 14~25,7.62 / 21.7
132 / 400,3.0303,2500,820.545,161.286,6.63504,5,¸¹°å / ÂÖ·ø,34 / 38,99 / 99,64 / 64,139 / 407,64 / 64,95.4 / 363.4,14~25 / 14~25,7.62 / 21.7
132 / 400,3.0303,2500,821.117,161.3,6.63504,5,¸¹°å / ÂÖ·ø,34 / 38,99 / 99,64 / 64,139 / 407,64 / 64,95.4 / 363.4,14~25 / 14~25,7.62 / 21.7
132 / 400,3.0303,2500,821.636,161.311,6.63504,5,¸¹°å / ÂÖ·ø,34 / 38,99 / 99,64 / 64,139 / 407,64 / 64,95.4 / 363.4,14~25 / 14~25,7.62 / 21.7
132 / 400,3.0303,2700,922.108,163.348,6.63504,4,¸¹°å / ÂÖ·ø,34 / 38,80 / 80,64 / 64,139 / 407,64 / 64,95.4 / 363.4,11~20 / 11~20,6.39 / 17.8
132 / 400,3.0303,2700,922.539,163.355,6.63504,4,¸¹°å / ÂÖ·ø,34 / 38,80 / 80,64 / 64,139 / 407,64 / 64,95.4 / 363.4,11~20 / 11~20,6.39 / 17.8
132 / 400,3.0303,2870,1007.94,164.766,6.63504,4,¸¹°å / ÂÖ·ø,34 / 38,80 / 80,64 / 64,139 / 407,64 / 64,95.4 / 363.4,11~20 / 11~20,6.39 / 17.8
132 / 400,3.0303,2870,1008.3,164.771,6.63504,4,¸¹°å / ÂÖ·ø,34 / 38,80 / 80,64 / 64,139 / 407,64 / 64,95.4 / 363.4,11~20 / 11~20,6.39 / 17.8
132 / 400,3.0303,2870,1008.64,164.776,6.63504,4,¸¹°å / ÂÖ·ø,34 / 38,80 / 80,64 / 64,139 / 407,64 / 64,95.4 / 363.4,11~20 / 11~20,6.39 / 17.8
140 / 400,2.85714,1560,333.53,135.336,7.03717,4,¸¹°å / ÂÖ·ø,34 / 38,80 / 80,64 / 64,147 / 407,64 / 64,103.4 / 363.4,11~20 / 11~20,6.78 / 17.8
140 / 400,2.85714,1760,435.67,145.807,7.03717,4,¸¹°å / ÂÖ·ø,34 / 38,80 / 80,64 / 64,147 / 407,64 / 64,103.4 / 363.4,11~20 / 11~20,6.78 / 17.8
140 / 400,2.85714,1760,437.435,145.945,7.03717,4,¸¹°å / ÂÖ·ø,34 / 38,80 / 80,64 / 64,147 / 407,64 / 64,103.4 / 363.4,11~20 / 11~20,6.78 / 17.8
140 / 400,2.85714,1950,533.917,152.099,7.03717,4,¸¹°å / ÂÖ·ø,34 / 38,80 / 80,64 / 64,147 / 407,64 / 64,103.4 / 363.4,11~20 / 11~20,6.78 / 17.8
140 / 400,2.85714,1950,535.179,152.165,7.03717,4,¸¹°å / ÂÖ·ø,34 / 38,80 / 80,64 / 64,147 / 407,64 / 64,103.4 / 363.4,11~20 / 11~20,6.78 / 17.8
140 / 400,2.85714,1950,536.266,152.221,7.03717,4,¸¹°å / ÂÖ·ø,34 / 38,80 / 80,64 / 64,147 / 407,64 / 64,103.4 / 363.4,11~20 / 11~20,6.78 / 17.8
140 / 400,2.85714,2180,652.212,157.159,7.03717,4,¸¹°å / ÂÖ·ø,34 / 38,80 / 80,64 / 64,147 / 407,64 / 64,103.4 / 363.4,11~20 / 11~20,6.78 / 17.8
140 / 400,2.85714,2180,653.043,157.188,7.03717,4,¸¹°å / ÂÖ·ø,34 / 38,80 / 80,64 / 64,147 / 407,64 / 64,103.4 / 363.4,11~20 / 11~20,6.78 / 17.8
140 / 400,2.85714,2300,713.779,159.13,7.03717,4,¸¹°å / ÂÖ·ø,34 / 38,80 / 80,64 / 64,147 / 407,64 / 64,103.4 / 363.4,11~20 / 11~20,6.78 / 17.8
140 / 400,2.85714,2300,714.435,159.149,7.03717,4,¸¹°å / ÂÖ·ø,34 / 38,80 / 80,64 / 64,147 / 407,64 / 64,103.4 / 363.4,11~20 / 11~20,6.78 / 17.8
140 / 400,2.85714,2500,815.024,161.722,7.03717,4,¸¹°å / ÂÖ·ø,34 / 38,80 / 80,64 / 64,147 / 407,64 / 64,103.4 / 363.4,11~20 / 11~20,6.78 / 17.8
140 / 400,2.85714,2500,815.555,161.734,7.03717,4,¸¹°å / ÂÖ·ø,34 / 38,80 / 80,64 / 64,147 / 407,64 / 64,103.4 / 363.4,11~20 / 11~20,6.78 / 17.8
140 / 400,2.85714,2500,816.037,161.745,7.03717,4,¸¹°å / ÂÖ·ø,34 / 38,80 / 80,64 / 64,147 / 407,64 / 64,103.4 / 363.4,11~20 / 11~20,6.78 / 17.8
140 / 400,2.85714,2700,916.475,163.745,7.03717,4,¸¹°å / ÂÖ·ø,34 / 38,80 / 80,64 / 64,147 / 407,64 / 64,103.4 / 363.4,11~20 / 11~20,6.78 / 17.8
140 / 400,2.85714,2700,916.876,163.753,7.03717,4,¸¹°å / ÂÖ·ø,34 / 38,80 / 80,64 / 64,147 / 407,64 / 64,103.4 / 363.4,11~20 / 11~20,6.78 / 17.8
140 / 400,2.85714,2870,1002.24,165.136,7.03717,4,¸¹°å / ÂÖ·ø,34 / 38,80 / 80,64 / 64,147 / 407,64 / 64,103.4 / 363.4,11~20 / 11~20,6.78 / 17.8
140 / 400,2.85714,2870,1002.58,165.141,7.03717,4,¸¹°å / ÂÖ·ø,34 / 38,80 / 80,64 / 64,147 / 407,64 / 64,103.4 / 363.4,11~20 / 11~20,6.78 / 17.8
140 / 400,2.85714,2870,1002.9,165.146,7.03717,4,¸¹°å / ÂÖ·ø,34 / 38,80 / 80,64 / 64,147 / 407,64 / 64,103.4 / 363.4,11~20 / 11~20,6.78 / 17.8
150 / 450,3,1760,381.975,135,7.53982,3,¸¹°å / ÂÖ·ø,34 / 38,61 / 61,64 / 64,157 / 457,64 / 64,113.4 / 413.4,9~15 / 9~15,5.81 / 15.5
150 / 450,3,1950,479.305,144.138,7.53982,3,¸¹°å / ÂÖ·ø,34 / 38,61 / 61,64 / 64,157 / 457,64 / 64,113.4 / 413.4,9~15 / 9~15,5.81 / 15.5
150 / 450,3,1950,481.261,144.284,7.53982,3,¸¹°å / ÂÖ·ø,34 / 38,61 / 61,64 / 64,157 / 457,64 / 64,113.4 / 413.4,9~15 / 9~15,5.81 / 15.5
150 / 450,3,1950,482.928,144.407,7.53982,3,¸¹°å / ÂÖ·ø,34 / 38,61 / 61,64 / 64,157 / 457,64 / 64,113.4 / 413.4,9~15 / 9~15,5.81 / 15.5
150 / 450,3,2180,599.365,151.322,7.53982,3,¸¹°å / ÂÖ·ø,34 / 38,61 / 61,64 / 64,157 / 457,64 / 64,113.4 / 413.4,9~15 / 9~15,5.81 / 15.5
150 / 450,3,2180,600.616,151.381,7.53982,3,¸¹°å / ÂÖ·ø,34 / 38,61 / 61,64 / 64,157 / 457,64 / 64,113.4 / 413.4,9~15 / 9~15,5.81 / 15.5
150 / 450,3,2300,661.716,154.024,7.53982,3,¸¹°å / ÂÖ·ø,34 / 38,61 / 61,64 / 64,157 / 457,64 / 64,113.4 / 413.4,9~15 / 9~15,5.81 / 15.5
150 / 450,3,2300,662.69,154.062,7.53982,3,¸¹°å / ÂÖ·ø,34 / 38,61 / 61,64 / 64,157 / 457,64 / 64,113.4 / 413.4,9~15 / 9~15,5.81 / 15.5
150 / 450,3,2500,763.558,157.489,7.53982,3,¸¹°å / ÂÖ·ø,34 / 38,61 / 61,64 / 64,157 / 457,64 / 64,113.4 / 413.4,9~15 / 9~15,5.81 / 15.5
150 / 450,3,2500,764.338,157.512,7.53982,3,¸¹°å / ÂÖ·ø,34 / 38,61 / 61,64 / 64,157 / 457,64 / 64,113.4 / 413.4,9~15 / 9~15,5.81 / 15.5
150 / 450,3,2700,865.042,160.13,7.53982,3,¸¹°å / ÂÖ·ø,34 / 38,61 / 61,64 / 64,157 / 457,64 / 64,113.4 / 413.4,9~15 / 9~15,5.81 / 15.5
150 / 450,3,2700,865.68,160.144,7.53982,3,¸¹°å / ÂÖ·ø,34 / 38,61 / 61,64 / 64,157 / 457,64 / 64,113.4 / 413.4,9~15 / 9~15,5.81 / 15.5
150 / 450,3,2700,866.261,160.158,7.53982,3,¸¹°å / ÂÖ·ø,34 / 38,61 / 61,64 / 64,157 / 457,64 / 64,113.4 / 413.4,9~15 / 9~15,5.81 / 15.5
150 / 450,3,2870,951.793,161.941,7.53982,3,¸¹°å / ÂÖ·ø,34 / 38,61 / 61,64 / 64,157 / 457,64 / 64,113.4 / 413.4,9~15 / 9~15,5.81 / 15.5
150 / 450,3,2870,952.282,161.95,7.53982,3,¸¹°å / ÂÖ·ø,34 / 38,61 / 61,64 / 64,157 / 457,64 / 64,113.4 / 413.4,9~15 / 9~15,5.81 / 15.5
150 / 450,3,2870,952.732,161.958,7.53982,3,¸¹°å / ÂÖ·ø,34 / 38,61 / 61,64 / 64,157 / 457,64 / 64,113.4 / 413.4,9~15 / 9~15,5.81 / 15.5
150 / 450,3,3200,1118.15,164.627,7.53982,3,¸¹°å / ÂÖ·ø,34 / 38,61 / 61,64 / 64,157 / 457,64 / 64,113.4 / 413.4,9~15 / 9~15,5.81 / 15.5
150 / 450,3,3200,1118.53,164.633,7.53982,3,¸¹°å / ÂÖ·ø,34 / 38,61 / 61,64 / 64,157 / 457,64 / 64,113.4 / 413.4,9~15 / 9~15,5.81 / 15.5
150 / 450,3,3200,1118.89,164.638,7.53982,3,¸¹°å / ÂÖ·ø,34 / 38,61 / 61,64 / 64,157 / 457,64 / 64,113.4 / 413.4,9~15 / 9~15,5.81 / 15.5
150 / 450,3,3200,1119.23,164.642,7.53982,3,¸¹°å / ÂÖ·ø,34 / 38,61 / 61,64 / 64,157 / 457,64 / 64,113.4 / 413.4,9~15 / 9~15,5.81 / 15.5
160 / 450,2.8125,1950,471.288,144.744,8.04248,3,¸¹°å / ÂÖ·ø,34 / 38,61 / 61,64 / 64,167 / 457,64 / 64,123.4 / 413.4,9~15 / 9~15,6.18 / 15.5
160 / 450,2.8125,1950,473.396,144.901,8.04248,3,¸¹°å / ÂÖ·ø,34 / 38,61 / 61,64 / 64,167 / 457,64 / 64,123.4 / 413.4,9~15 / 9~15,6.18 / 15.5
160 / 450,2.8125,1950,475.172,145.032,8.04248,3,¸¹°å / ÂÖ·ø,34 / 38,61 / 61,64 / 64,167 / 457,64 / 64,123.4 / 413.4,9~15 / 9~15,6.18 / 15.5
160 / 450,2.8125,2180,591.689,151.918,8.04248,3,¸¹°å / ÂÖ·ø,34 / 38,61 / 61,64 / 64,167 / 457,64 / 64,123.4 / 413.4,9~15 / 9~15,6.18 / 15.5
160 / 450,2.8125,2180,592.998,151.98,8.04248,3,¸¹°å / ÂÖ·ø,34 / 38,61 / 61,64 / 64,167 / 457,64 / 64,123.4 / 413.4,9~15 / 9~15,6.18 / 15.5
160 / 450,2.8125,2300,654.141,154.599,8.04248,3,¸¹°å / ÂÖ·ø,34 / 38,61 / 61,64 / 64,167 / 457,64 / 64,123.4 / 413.4,9~15 / 9~15,6.18 / 15.5
160 / 450,2.8125,2300,655.146,154.638,8.04248,3,¸¹°å / ÂÖ·ø,34 / 38,61 / 61,64 / 64,167 / 457,64 / 64,123.4 / 413.4,9~15 / 9~15,6.18 / 15.5
160 / 450,2.8125,2500,756.038,158.023,8.04248,3,¸¹°å / ÂÖ·ø,34 / 38,61 / 61,64 / 64,167 / 457,64 / 64,123.4 / 413.4,9~15 / 9~15,6.18 / 15.5
160 / 450,2.8125,2500,756.834,158.046,8.04248,3,¸¹°å / ÂÖ·ø,34 / 38,61 / 61,64 / 64,167 / 457,64 / 64,123.4 / 413.4,9~15 / 9~15,6.18 / 15.5
160 / 450,2.8125,2500,757.549,158.066,8.04248,3,¸¹°å / ÂÖ·ø,34 / 38,61 / 61,64 / 64,167 / 457,64 / 64,123.4 / 413.4,9~15 / 9~15,6.18 / 15.5
160 / 450,2.8125,2700,858.196,160.639,8.04248,3,¸¹°å / ÂÖ·ø,34 / 38,61 / 61,64 / 64,167 / 457,64 / 64,123.4 / 413.4,9~15 / 9~15,6.18 / 15.5
160 / 450,2.8125,2700,858.782,160.652,8.04248,3,¸¹°å / ÂÖ·ø,34 / 38,61 / 61,64 / 64,167 / 457,64 / 64,123.4 / 413.4,9~15 / 9~15,6.18 / 15.5
160 / 450,2.8125,2870,944.317,162.404,8.04248,3,¸¹°å / ÂÖ·ø,34 / 38,61 / 61,64 / 64,167 / 457,64 / 64,123.4 / 413.4,9~15 / 9~15,6.18 / 15.5
160 / 450,2.8125,2870,944.806,162.414,8.04248,3,¸¹°å / ÂÖ·ø,34 / 38,61 / 61,64 / 64,167 / 457,64 / 64,123.4 / 413.4,9~15 / 9~15,6.18 / 15.5
160 / 450,2.8125,2870,945.256,162.422,8.04248,3,¸¹°å / ÂÖ·ø,34 / 38,61 / 61,64 / 64,167 / 457,64 / 64,123.4 / 413.4,9~15 / 9~15,6.18 / 15.5
160 / 450,2.8125,2870,945.671,162.43,8.04248,3,¸¹°å / ÂÖ·ø,34 / 38,61 / 61,64 / 64,167 / 457,64 / 64,123.4 / 413.4,9~15 / 9~15,6.18 / 15.5
160 / 450,2.8125,3200,1111.05,165.045,8.04248,3,¸¹°å / ÂÖ·ø,34 / 38,61 / 61,64 / 64,167 / 457,64 / 64,123.4 / 413.4,9~15 / 9~15,6.18 / 15.5
160 / 450,2.8125,3200,1111.41,165.05,8.04248,3,¸¹°å / ÂÖ·ø,34 / 38,61 / 61,64 / 64,167 / 457,64 / 64,123.4 / 413.4,9~15 / 9~15,6.18 / 15.5
160 / 450,2.8125,3200,1111.74,165.054,8.04248,3,¸¹°å / ÂÖ·ø,34 / 38,61 / 61,64 / 64,167 / 457,64 / 64,123.4 / 413.4,9~15 / 9~15,6.18 / 15.5
160 / 450,2.8125,3200,1112.05,165.058,8.04248,3,¸¹°å / ÂÖ·ø,34 / 38,61 / 61,64 / 64,167 / 457,64 / 64,123.4 / 413.4,9~15 / 9~15,6.18 / 15.5
170 / 500,2.94118,1950,419.759,134.956,8.54513,3,¸¹°å / ÂÖ·ø,34 / 38,61 / 61,64 / 64,177 / 507,64 / 64,133.4 / 463.4,9~15 / 9~15,6.56 / 17.1
170 / 500,2.94118,2180,537.04,144.793,8.54513,3,¸¹°å / ÂÖ·ø,34 / 38,61 / 61,64 / 64,177 / 507,64 / 64,133.4 / 463.4,9~15 / 9~15,6.56 / 17.1
170 / 500,2.94118,2180,538.988,144.92,8.54513,3,¸¹°å / ÂÖ·ø,34 / 38,61 / 61,64 / 64,177 / 507,64 / 64,133.4 / 463.4,9~15 / 9~15,6.56 / 17.1
170 / 500,2.94118,2300,600.672,148.523,8.54513,3,¸¹°å / ÂÖ·ø,34 / 38,61 / 61,64 / 64,177 / 507,64 / 64,133.4 / 463.4,9~15 / 9~15,6.56 / 17.1
170 / 500,2.94118,2300,602.142,148.599,8.54513,3,¸¹°å / ÂÖ·ø,34 / 38,61 / 61,64 / 64,177 / 507,64 / 64,133.4 / 463.4,9~15 / 9~15,6.56 / 17.1
170 / 500,2.94118,2500,703.436,153.121,8.54513,3,¸¹°å / ÂÖ·ø,34 / 38,61 / 61,64 / 64,177 / 507,64 / 64,133.4 / 463.4,9~15 / 9~15,6.56 / 17.1
170 / 500,2.94118,2500,704.584,153.165,8.54513,3,¸¹°å / ÂÖ·ø,34 / 38,61 / 61,64 / 64,177 / 507,64 / 64,133.4 / 463.4,9~15 / 9~15,6.56 / 17.1
170 / 500,2.94118,2500,705.609,153.204,8.54513,3,¸¹°å / ÂÖ·ø,34 / 38,61 / 61,64 / 64,177 / 507,64 / 64,133.4 / 463.4,9~15 / 9~15,6.56 / 17.1
170 / 500,2.94118,2700,806.53,156.557,8.54513,2,¸¹°å / ÂÖ·ø,34 / 38,42 / 42,42 / 42,177 / 507,64 / 64,133.4 / 463.4,6~11 / 6~11,4.51 / 11.7
170 / 500,2.94118,2700,807.363,156.581,8.54513,2,¸¹°å / ÂÖ·ø,34 / 38,42 / 42,42 / 42,177 / 507,64 / 64,133.4 / 463.4,6~11 / 6~11,4.51 / 11.7
170 / 500,2.94118,2870,893.119,158.83,8.54513,2,¸¹°å / ÂÖ·ø,34 / 38,42 / 42,42 / 42,177 / 507,64 / 64,133.4 / 463.4,6~11 / 6~11,4.51 / 11.7
170 / 500,2.94118,2870,893.808,158.846,8.54513,2,¸¹°å / ÂÖ·ø,34 / 38,42 / 42,42 / 42,177 / 507,64 / 64,133.4 / 463.4,6~11 / 6~11,4.51 / 11.7
170 / 500,2.94118,2870,894.439,158.861,8.54513,2,¸¹°å / ÂÖ·ø,34 / 38,42 / 42,42 / 42,177 / 507,64 / 64,133.4 / 463.4,6~11 / 6~11,4.51 / 11.7
170 / 500,2.94118,3200,1060.02,162.163,8.54513,2,¸¹°å / ÂÖ·ø,34 / 38,42 / 42,42 / 42,177 / 507,64 / 64,133.4 / 463.4,6~11 / 6~11,4.51 / 11.7
170 / 500,2.94118,3200,1060.55,162.172,8.54513,2,¸¹°å / ÂÖ·ø,34 / 38,42 / 42,42 / 42,177 / 507,64 / 64,133.4 / 463.4,6~11 / 6~11,4.51 / 11.7
170 / 500,2.94118,3200,1061.05,162.18,8.54513,2,¸¹°å / ÂÖ·ø,34 / 38,42 / 42,42 / 42,177 / 507,64 / 64,133.4 / 463.4,6~11 / 6~11,4.51 / 11.7
170 / 500,2.94118,3200,1061.51,162.188,8.54513,2,¸¹°å / ÂÖ·ø,34 / 38,42 / 42,42 / 42,177 / 507,64 / 64,133.4 / 463.4,6~11 / 6~11,4.51 / 11.7
170 / 500,2.94118,3200,1061.94,162.195,8.54513,2,¸¹°å / ÂÖ·ø,34 / 38,42 / 42,42 / 42,177 / 507,64 / 64,133.4 / 463.4,6~11 / 6~11,4.51 / 11.7
170 / 500,2.94118,3600,1262.33,165.022,8.54513,2,¸¹°å / ÂÖ·ø,34 / 38,42 / 42,42 / 42,177 / 507,64 / 64,133.4 / 463.4,6~11 / 6~11,4.51 / 11.7
170 / 500,2.94118,3600,1262.71,165.026,8.54513,2,¸¹°å / ÂÖ·ø,34 / 38,42 / 42,42 / 42,177 / 507,64 / 64,133.4 / 463.4,6~11 / 6~11,4.51 / 11.7
170 / 500,2.94118,3600,1263.06,165.03,8.54513,2,¸¹°å / ÂÖ·ø,34 / 38,42 / 42,42 / 42,177 / 507,64 / 64,133.4 / 463.4,6~11 / 6~11,4.51 / 11.7
170 / 500,2.94118,3600,1263.38,165.034,8.54513,2,¸¹°å / ÂÖ·ø,34 / 38,42 / 42,42 / 42,177 / 507,64 / 64,133.4 / 463.4,6~11 / 6~11,4.51 / 11.7
180 / 500,2.77778,2180,529.038,145.343,9.04779,3,¸¹°å / ÂÖ·ø,34 / 38,61 / 61,64 / 64,187 / 507,64 / 64,143.4 / 463.4,9~15 / 9~15,6.94 / 17.1
180 / 500,2.77778,2180,531.123,145.479,9.04779,3,¸¹°å / ÂÖ·ø,34 / 38,61 / 61,64 / 64,187 / 507,64 / 64,143.4 / 463.4,9~15 / 9~15,6.94 / 17.1
180 / 500,2.77778,2180,532.908,145.595,9.04779,3,¸¹°å / ÂÖ·ø,34 / 38,61 / 61,64 / 64,187 / 507,64 / 64,143.4 / 463.4,9~15 / 9~15,6.94 / 17.1
180 / 500,2.77778,2300,594.453,149.157,9.04779,3,¸¹°å / ÂÖ·ø,34 / 38,61 / 61,64 / 64,187 / 507,64 / 64,143.4 / 463.4,9~15 / 9~15,6.94 / 17.1
180 / 500,2.77778,2300,595.803,149.227,9.04779,3,¸¹°å / ÂÖ·ø,34 / 38,61 / 61,64 / 64,187 / 507,64 / 64,143.4 / 463.4,9~15 / 9~15,6.94 / 17.1
180 / 500,2.77778,2500,696.994,153.695,9.04779,3,¸¹°å / ÂÖ·ø,34 / 38,61 / 61,64 / 64,187 / 507,64 / 64,143.4 / 463.4,9~15 / 9~15,6.94 / 17.1
180 / 500,2.77778,2500,698.052,153.735,9.04779,3,¸¹°å / ÂÖ·ø,34 / 38,61 / 61,64 / 64,187 / 507,64 / 64,143.4 / 463.4,9~15 / 9~15,6.94 / 17.1
180 / 500,2.77778,2700,798.998,157.053,9.04779,2,¸¹°å / ÂÖ·ø,34 / 38,42 / 42,42 / 42,187 / 507,64 / 64,143.4 / 463.4,6~11 / 6~11,4.78 / 11.7
180 / 500,2.77778,2700,799.849,157.077,9.04779,2,¸¹°å / ÂÖ·ø,34 / 38,42 / 42,42 / 42,187 / 507,64 / 64,143.4 / 463.4,6~11 / 6~11,4.78 / 11.7
180 / 500,2.77778,2700,800.618,157.099,9.04779,2,¸¹°å / ÂÖ·ø,34 / 38,42 / 42,42 / 42,187 / 507,64 / 64,143.4 / 463.4,6~11 / 6~11,4.78 / 11.7
180 / 500,2.77778,2870,886.317,159.314,9.04779,2,¸¹°å / ÂÖ·ø,34 / 38,42 / 42,42 / 42,187 / 507,64 / 64,143.4 / 463.4,6~11 / 6~11,4.78 / 11.7
180 / 500,2.77778,2870,886.955,159.329,9.04779,2,¸¹°å / ÂÖ·ø,34 / 38,42 / 42,42 / 42,187 / 507,64 / 64,143.4 / 463.4,6~11 / 6~11,4.78 / 11.7
180 / 500,2.77778,2870,887.54,159.342,9.04779,2,¸¹°å / ÂÖ·ø,34 / 38,42 / 42,42 / 42,187 / 507,64 / 64,143.4 / 463.4,6~11 / 6~11,4.78 / 11.7
180 / 500,2.77778,3200,1053.08,162.589,9.04779,2,¸¹°å / ÂÖ·ø,34 / 38,42 / 42,42 / 42,187 / 507,64 / 64,143.4 / 463.4,6~11 / 6~11,4.78 / 11.7
180 / 500,2.77778,3200,1053.57,162.598,9.04779,2,¸¹°å / ÂÖ·ø,34 / 38,42 / 42,42 / 42,187 / 507,64 / 64,143.4 / 463.4,6~11 / 6~11,4.78 / 11.7
180 / 500,2.77778,3200,1054.03,162.605,9.04779,2,¸¹°å / ÂÖ·ø,34 / 38,42 / 42,42 / 42,187 / 507,64 / 64,143.4 / 463.4,6~11 / 6~11,4.78 / 11.7
180 / 500,2.77778,3200,1054.46,162.612,9.04779,2,¸¹°å / ÂÖ·ø,34 / 38,42 / 42,42 / 42,187 / 507,64 / 64,143.4 / 463.4,6~11 / 6~11,4.78 / 11.7
180 / 500,2.77778,3600,1254.86,165.389,9.04779,2,¸¹°å / ÂÖ·ø,34 / 38,42 / 42,42 / 42,187 / 507,64 / 64,143.4 / 463.4,6~11 / 6~11,4.78 / 11.7
180 / 500,2.77778,3600,1255.23,165.393,9.04779,2,¸¹°å / ÂÖ·ø,34 / 38,42 / 42,42 / 42,187 / 507,64 / 64,143.4 / 463.4,6~11 / 6~11,4.78 / 11.7
180 / 500,2.77778,3600,1255.57,165.397,9.04779,2,¸¹°å / ÂÖ·ø,34 / 38,42 / 42,42 / 42,187 / 507,64 / 64,143.4 / 463.4,6~11 / 6~11,4.78 / 11.7
180 / 500,2.77778,3600,1255.9,165.401,9.04779,2,¸¹°å / ÂÖ·ø,34 / 38,42 / 42,42 / 42,187 / 507,64 / 64,143.4 / 463.4,6~11 / 6~11,4.78 / 11.7
180 / 500,2.77778,3600,1256.2,165.405,9.04779,2,¸¹°å / ÂÖ·ø,34 / 38,42 / 42,42 / 42,187 / 507,64 / 64,143.4 / 463.4,6~11 / 6~11,4.78 / 11.7
180 / 500,2.77778,3600,1256.49,165.408,9.04779,2,¸¹°å / ÂÖ·ø,34 / 38,42 / 42,42 / 42,187 / 507,64 / 64,143.4 / 463.4,6~11 / 6~11,4.78 / 11.7
200 / 560,2.8,2300,522.646,140.535,10.0531,2,¸¹°å / ÂÖ·ø,38 / 38,42 / 42,42 / 42,207 / 567,64 / 64,163.4 / 523.4,6~11 / 6~11,5.33 / 13.1
200 / 560,2.8,2300,524.776,140.695,10.0531,2,¸¹°å / ÂÖ·ø,38 / 38,42 / 42,42 / 42,207 / 567,64 / 64,163.4 / 523.4,6~11 / 6~11,5.33 / 13.1
200 / 560,2.8,2500,626.627,147.083,10.0531,2,¸¹°å / ÂÖ·ø,38 / 38,42 / 42,42 / 42,207 / 567,64 / 64,163.4 / 523.4,6~11 / 6~11,5.33 / 13.1
200 / 560,2.8,2500,628.251,147.168,10.0531,2,¸¹°å / ÂÖ·ø,38 / 38,42 / 42,42 / 42,207 / 567,64 / 64,163.4 / 523.4,6~11 / 6~11,5.33 / 13.1
200 / 560,2.8,2700,729.687,151.732,10.0531,2,¸¹°å / ÂÖ·ø,38 / 38,42 / 42,42 / 42,207 / 567,64 / 64,163.4 / 523.4,6~11 / 6~11,5.33 / 13.1
200 / 560,2.8,2700,730.966,151.782,10.0531,2,¸¹°å / ÂÖ·ø,38 / 38,42 / 42,42 / 42,207 / 567,64 / 64,163.4 / 523.4,6~11 / 6~11,5.33 / 13.1
200 / 560,2.8,2700,732.113,151.826,10.0531,2,¸¹°å / ÂÖ·ø,38 / 38,42 / 42,42 / 42,207 / 567,64 / 64,163.4 / 523.4,6~11 / 6~11,5.33 / 13.1
200 / 560,2.8,2870,818.147,154.789,10.0531,2,¸¹°å / ÂÖ·ø,38 / 38,42 / 42,42 / 42,207 / 567,64 / 64,163.4 / 523.4,6~11 / 6~11,5.33 / 13.1
200 / 560,2.8,2870,819.083,154.818,10.0531,2,¸¹°å / ÂÖ·ø,38 / 38,42 / 42,42 / 42,207 / 567,64 / 64,163.4 / 523.4,6~11 / 6~11,5.33 / 13.1
200 / 560,2.8,2870,819.936,154.844,10.0531,2,¸¹°å / ÂÖ·ø,38 / 38,42 / 42,42 / 42,207 / 567,64 / 64,163.4 / 523.4,6~11 / 6~11,5.33 / 13.1
200 / 560,2.8,3200,985.715,159.075,10.0531,2,¸¹°å / ÂÖ·ø,38 / 38,42 / 42,42 / 42,207 / 567,64 / 64,163.4 / 523.4,6~11 / 6~11,5.33 / 13.1
200 / 560,2.8,3200,986.431,159.09,10.0531,2,¸¹°å / ÂÖ·ø,38 / 38,42 / 42,42 / 42,207 / 567,64 / 64,163.4 / 523.4,6~11 / 6~11,5.33 / 13.1
200 / 560,2.8,3200,987.089,159.104,10.0531,2,¸¹°å / ÂÖ·ø,38 / 38,42 / 42,42 / 42,207 / 567,64 / 64,163.4 / 523.4,6~11 / 6~11,5.33 / 13.1
200 / 560,2.8,3200,987.698,159.117,10.0531,2,¸¹°å / ÂÖ·ø,38 / 38,42 / 42,42 / 42,207 / 567,64 / 64,163.4 / 523.4,6~11 / 6~11,5.33 / 13.1
200 / 560,2.8,3600,1188.26,162.641,10.0531,2,¸¹°å / ÂÖ·ø,38 / 38,42 / 42,42 / 42,207 / 567,64 / 64,163.4 / 523.4,6~11 / 6~11,5.33 / 13.1
200 / 560,2.8,3600,1188.79,162.649,10.0531,2,¸¹°å / ÂÖ·ø,38 / 38,42 / 42,42 / 42,207 / 567,64 / 64,163.4 / 523.4,6~11 / 6~11,5.33 / 13.1
200 / 560,2.8,3600,1189.27,162.656,10.0531,2,¸¹°å / ÂÖ·ø,38 / 38,42 / 42,42 / 42,207 / 567,64 / 64,163.4 / 523.4,6~11 / 6~11,5.33 / 13.1
200 / 560,2.8,3600,1189.73,162.663,10.0531,2,¸¹°å / ÂÖ·ø,38 / 38,42 / 42,42 / 42,207 / 567,64 / 64,163.4 / 523.4,6~11 / 6~11,5.33 / 13.1
200 / 560,2.8,3600,1190.16,162.669,10.0531,2,¸¹°å / ÂÖ·ø,38 / 38,42 / 42,42 / 42,207 / 567,64 / 64,163.4 / 523.4,6~11 / 6~11,5.33 / 13.1
200 / 560,2.8,3600,1190.56,162.675,10.0531,2,¸¹°å / ÂÖ·ø,38 / 38,42 / 42,42 / 42,207 / 567,64 / 64,163.4 / 523.4,6~11 / 6~11,5.33 / 13.1
200 / 560,2.8,4060,1420.94,165.484,10.0531,2,¸¹°å / ÂÖ·ø,38 / 38,42 / 42,42 / 42,207 / 567,64 / 64,163.4 / 523.4,6~11 / 6~11,5.33 / 13.1
200 / 560,2.8,4060,1421.29,165.487,10.0531,2,¸¹°å / ÂÖ·ø,38 / 38,42 / 42,42 / 42,207 / 567,64 / 64,163.4 / 523.4,6~11 / 6~11,5.33 / 13.1
200 / 560,2.8,4060,1421.62,165.491,10.0531,2,¸¹°å / ÂÖ·ø,38 / 38,42 / 42,42 / 42,207 / 567,64 / 64,163.4 / 523.4,6~11 / 6~11,5.33 / 13.1
200 / 560,2.8,4060,1421.94,165.494,10.0531,2,¸¹°å / ÂÖ·ø,38 / 38,42 / 42,42 / 42,207 / 567,64 / 64,163.4 / 523.4,6~11 / 6~11,5.33 / 13.1
200 / 560,2.8,4060,1422.24,165.497,10.0531,2,¸¹°å / ÂÖ·ø,38 / 38,42 / 42,42 / 42,207 / 567,64 / 64,163.4 / 523.4,6~11 / 6~11,5.33 / 13.1
